ha_x,ha_y,matches,alignable_residues,percent_identity
H3,H3,,,100.0
H3,H5,192.0,479.0,40.08350730688935
H3,H7,229.0,483.0,47.4120082815735
H5,H3,192.0,479.0,40.08350730688935
H5,H5,,,100.0
H5,H7,202.0,473.0,42.706131078224104
H7,H3,229.0,483.0,47.4120082815735
H7,H5,202.0,473.0,42.706131078224104
H7,H7,,,100.0
