ha_x,ha_y,matches,alignable_residues,percent_identity
H3,H5,192.0,479.0,40.08350730688935
H3,H7,229.0,483.0,47.4120082815735
H5,H7,202.0,473.0,42.706131078224104
